<?xml version="1.0" encoding="UTF-8"?>
<project-private xmlns="http://www.netbeans.org/ns/project-private/1">
    <editor-bookmarks xmlns="http://www.netbeans.org/ns/editor-bookmarks/2" lastBookmarkId="0"/>
    <open-files xmlns="http://www.netbeans.org/ns/projectui-open-files/2">
        <group>
            <file>file:/C:/Users/anurag/Documents/NetBeansProjects/acp2/public_html/display.html</file>
            <file>file:/C:/Users/anurag/Documents/NetBeansProjects/acp2/public_html/design.css</file>
            <file>file:/C:/Users/anurag/Documents/NetBeansProjects/acp2/public_html/display.css</file>
            <file>file:/C:/Users/anurag/Documents/NetBeansProjects/acp2/public_html/index.html</file>
            <file>file:/C:/Users/anurag/Documents/NetBeansProjects/acp2/public_html/images/slider.js</file>
        </group>
    </open-files>
</project-private>
